Model,Accuracy,Precision,Recall,F1_Score,ROC_AUC
XGBoost (tuned),0.8207,0.8108,0.8824,0.8451,0.9108
Random Forest (tuned),0.8207,0.8165,0.8725,0.8436,0.9082
Gradient Boosting (base),0.8207,0.8053,0.8922,0.8465,0.9057
Random Forest (base),0.8152,0.8148,0.8627,0.8381,0.9032
Support Vector Machine (tuned),0.8152,0.8036,0.8824,0.8411,0.8975
Support Vector Machine (base),0.8152,0.8036,0.8824,0.8411,0.8975
Logistic Regression (tuned),0.7989,0.8037,0.8431,0.823,0.8918
Logistic Regression (base),0.8098,0.819,0.8431,0.8309,0.8895
XGBoost (base),0.8261,0.8241,0.8725,0.8476,0.8754
K-Nearest Neighbors (base),0.7935,0.8019,0.8333,0.8173,0.8672
Decision Tree (base),0.712,0.7426,0.7353,0.7389,0.7091
